{
    "avg_visible_count": 35.74861111111111,
    "max_visible_count": 52,
    "min_visible_count": 18,
    "avg_elevation": 75.07081618983327,
    "max_elevation": 89.91261910443214
}