{
    "avg_visible_satellites": 41.166666666666664,
    "max_visible_satellites": 50,
    "min_visible_satellites": 34,
    "coverage_percentage": 100.0,
    "avg_elevation": 75.70122824395617,
    "max_elevation": 86.10786149477421
}